X,Y,Z,azimuth,dip,polarity,formation
247633.21102222224,6709098.747044445,24.592000000000002,102.4329,0,1,Sa
247645.3018786126,6709153.025265894,33.63376300578036,282.4328,0,1,Mr
